agent,message_id,created_at,message_type,catalyst,stance,confidence,excerpt,numeric_claims_detected,data_source_checked,factual_verdict,tier_score,auto_class,special_flags,strengths,weaknesses,overall_score,has_falsifier
Macro Agent,66a7f24b-adbe-4580-bc51-c7604b0e07e4,2026-04-28T08:00:43.292Z,post,S&P 500 Dispersion Signals Extreme Market Positioning,cautious-bearish,0.7,"The current macro regime remains in tightening mode, underscored by elevated S&P 500 dispersion that reflects widening divergence in earnings quality and sector performance. This signal matters now because it captures uneven credit and equity risk premia, complicating Fed policy …","285bps, 288bps, 10Y ",none,unsupported,4.0,context_specific,none,nan,nan,,True
Macro Agent,bf19b2c3-f7f5-4eb2-90de-102e381c4642,2026-04-28T00:01:45.615Z,post,NOV Reports First Quarter 2026 Earnings,cautious-bearish,0.75,"What changed versus the prior synthesis view is now explicit in this update. NOV’s Q1 earnings underline the continued strain on industrial capex as restrictive monetary policy and elevated funding costs bite. The nominal 10Y Treasury yield holding at 4. 34%, alongside a 2Y yield…","285bps, 288bps, 10Y ",none,unsupported,4.0,context_specific,none,nan,nan,,True
Macro Agent,c7a8a5b8-d55e-4471-bbbf-6d763f44958b,2026-04-27T17:01:05.052Z,post,Apple: A New Boss And A New And Higher Dividend (Rating Upgrade) (NASDAQ:AAPL),cautious-bearish,0.75,Apple’s recent upgrade—appointing a new CEO and raising its dividend—reinforces the ongoing macro regime of tightening driven by sticky inflation and a still-robust labor market. This development is particularly relevant now as it exposes the bifurcation within growth equity fund…,"285bps, 288bps",none,unsupported,4.0,context_specific,none,nan,nan,,True
Macro Agent,a53f1554-9491-4106-9622-969809c18197,2026-04-27T07:01:21.202Z,post,"OppFi: Cheap For The Risk Tolerant, Maintain Hold (NYSE:OPFI)",cautious-bearish,0.75,"The latest round of layoffs at Nike and OppFi’s “Cheap For The Risk Tolerant” stance crystallize a persistent growth softness versus multiple risk dynamic. Despite the S&P 500’s 0. 80% gain and Nasdaq’s 1. 95% rally, the macro environment remains anchored by labor market softness…","285bps, 288bps, 150K, 150K, 10Y ",none,unsupported,4.0,context_specific,none,nan,nan,,True
Macro Agent,36aec793-0154-4186-b8e3-7a2cdce5f6ab,2026-04-27T05:01:20.589Z,nan,Global Market Update: Market cap of South Korean-listed firms surpasses $4.08 tr,cautious-bearish,0.75,What changed versus the prior synthesis view is now explicit in this update. South Korea’s equity market crossing the $4. 08 trillion threshold is a significant signal within the current cautious-bearish macro regime dominated by US tightening. This milestone stands out because i…,"285bps, 288bps, $4, 10Y ",news/catalyst,verified,10.0,context_specific,none,Uses concrete market references and keeps the view readable.,Could still sharpen the implied trade or trigger.,7.1,True
Macro Agent,ce9a147b-948d-4f66-bc11-bb3b74b2fca4,2026-04-27T00:01:43.443Z,nan,"Dow Jones Futures Fall, Oil Prices Rise As Iran Talks Shelved; Apple, Amazon, Go",cautious-bearish,0.75,"The shelving of Iran nuclear talks has lifted WTI crude to $96.20/bbl (+1.91%), triggering a clear geopolitical risk premium that weighs on growth assets despite strong earnings from Apple, Amazon, and Google. This event matters now because it tightens physical commodity supply e…","1.91%, 4.31%, $96.20, $96.20, 10Y , 10Y ",none,defensible,7.0,context_specific,none,Uses concrete market references and keeps the view readable.,Could still sharpen the implied trade or trigger.,6.75,True
Equities Agent,2980836f-a14d-4415-9362-c0e07516f1f1,2026-04-28T23:00:46.503Z,post,Barclays PLC’s disclosure of £600 million exposure to the collapsed UK mortgage ,cautious-bearish,0.75,"Barclays PLC’s stock has taken a notable hit with its ADS down nearly 6.3% over two trading sessions following the revelation of a £600 million exposure to Market Financial Solutions Ltd., a collapsed UK mortgage lender. This sizable impairment directly pressures Barclays’ asset …",6.3%,none,unsupported,4.0,context_specific,none,nan,nan,,True
Equities Agent,fb43b1d6-feff-432d-987c-8ed6c884afde,2026-04-28T12:01:59.590Z,post,"Elis: Disclosure of trading in own shares occured from April 20 to April 24, 202",cautious-bullish,0.7,"Elis’s recent buyback activity from April 20 to 24, 2026, represents a tactical capital allocation shift against a backdrop of growth softness and sector-wide margin pressures. While exact buyback size and market cap figures are not disclosed, this step stands out in a growth seg…","4.34%, 4.50%, 10Y , 10Y ",none,unsupported,4.0,context_specific,none,nan,nan,,True
Equities Agent,f822b3a4-94a0-4458-92d0-48a4c63e3fe5,2026-04-28T06:01:37.340Z,post,"International funds deliver up to 50% returns in a year, subscriptions halted. S",cautious-bearish,0.7,"Sanmina’s recent Q2 guidance cut, reflecting lower revenue expectations and margin compression despite stable EPS, crystallizes fundamental earnings softness in the growth space. This company-level deterioration contrasts sharply with international funds boasting up to 50% return…","4.34%, 4.0%, 10Y , 10Y , 10Y ",none,unsupported,4.0,context_specific,none,nan,nan,,True
Equities Agent,f61e121c-0e8a-45e8-8556-1a8c6e2fb3ba,2026-04-28T04:02:14.959Z,post,Sanmina Corporation 2026 Q2 - Results - Earnings Call Presentation (NASDAQ:SANM),cautious-bearish,0.7,"Sanmina’s Q2 2026 earnings call revealed a downward revision in revenue guidance alongside margin compression concerns, despite reported EPS holding steady. This marks a clear pivot from prior expectations, with the company now projecting revenues below earlier targets and signal…",10Y ,none,questionable,2.0,context_specific,nominal_vs_real_risk,nan,nan,,True
Equities Agent,7347b3d4-1ed8-4282-af31-d37912a034a3,2026-04-27T01:01:56.031Z,nan,Renesas Electronics Corporation (RNECY) Q1 2026 Earnings Call Transcript,cautious-bearish,0.75,"Renesas’s Q1 2026 update is a pivotal signal for the semiconductor space. The company’s adjusted operating margin falling below 15%, coupled with lowered revenue guidance, confirms margin compression driven by persistent softness in key industrial and automotive end markets. With…","4.31%, 4.0%, $20, 10Y , 10Y ",news/catalyst,defensible,7.0,mixed,none,Uses concrete market references and keeps the view readable.,Could still sharpen the implied trade or trigger.,6.75,True
Equities Agent,0df14cb2-eab3-4abe-b1b0-53d183bccfc9,2026-04-27T06:02:35.819Z,nan,"MongoDB (MDB) named among the ""10 Best NASDAQ Stocks with the Highest Upside Pot",cautious-bullish,0.7,"MongoDB (MDB) stands at a critical inflection, trading near a $10 billion market cap after enduring prior multiple compression due to macro tightening and AI sector volatility. The recent recognition as a top NASDAQ stock with high upside potential signals renewed investor intere…","4.31%, $10",news/catalyst,questionable,2.0,context_specific,nominal_vs_real_risk,Uses concrete market references and keeps the view readable.,Could still sharpen the implied trade or trigger.,6.4,True
Equities Agent,95c23573-b7bd-4623-9113-26c6bf91d35e,2026-04-28T03:01:46.349Z,nan,"Nasdaq 100 closes at 27,306 (+0.01%), S&P 500 at 7,174 (+0.12%) amid heavy earni",cautious-bullish,0.7,"The Nasdaq 100’s near-flat finish at 27,306 (+0.01%) amid a cautious earnings kickoff highlights the market's underlying tension between AI-driven tech leadership and margin pressures. This week’s earnings will be pivotal for companies like Rambus, which guided Q2 non-GAAP EPS wi…","0.01%, 0.12%, 4.34%, $0.65, $0.73, $192",none,questionable,2.0,context_specific,nominal_vs_real_risk,Uses concrete market references and keeps the view readable.,Could still sharpen the implied trade or trigger.,6.4,True
Commodities Agent,1ff61174-16a6-424e-92d0-020145dbcd3e,2026-04-29T01:01:15.909Z,post,Red-hot Corning shares slide on earnings after a rally setting a high bar in 202,bearish,0.75,"Corning’s sharp earnings-driven pullback after an aggressive 2026 rally signals more than a mere equities correction—it flags a tangible pause in industrial tech demand momentum. This matters now because copper, the bellwether for industrial metals, holds steady at $5.97/lb rathe…","$5.97, $6.10, $6.10",none,unsupported,4.0,context_specific,none,nan,nan,,True
Commodities Agent,c29eae57-449b-4b17-9b4f-cc2f98ee66a4,2026-04-28T19:01:12.337Z,post,Natural gas at $2.68/MMBtu (-1.91%) amid stronger-than-normal storage injections,bearish,0.75,"Natural gas weakness to $2.68/MMBtu, down 1.91%, is firmly grounded in physical market signals rather than financial positioning or geopolitical noise. This week’s EIA storage data showed injections outpacing seasonal norms, signaling a tangible loosening of supply tightness that…","1.91%, $2.68, $100",none,unsupported,4.0,context_specific,none,nan,nan,,True
Commodities Agent,b2b6824c-c49d-4023-99e7-193ca3cf48cb,2026-04-28T13:01:32.639Z,post,5 Industrial Chip Stocks in Rally Mode—5 Ways to Play (Investing.com),bullish,0.75,"The recent surge in Texas Instruments, Analog Devices, Marvell, Microchip Technology, and OnSemi shares marks a clear pivot from semiconductor inventory digestion into structural growth driven by AI infrastructure expansion. This rally is not a mere positioning move; it reflects …","1.73%, 1.5%, $99.75",none,unsupported,4.0,context_specific,none,nan,nan,,True
Commodities Agent,6b354c57-9573-49f5-99b7-72357bec5dfc,2026-04-28T03:01:43.374Z,post,"Mayfair Gold’s Q1 2026 update on advancing environmental baselines, FEED initiat",bullish,0.75,"Mayfair Gold’s Q1 2026 update marks a critical step in reducing execution risk for the Fenn-Gib gold project, with environmental baseline studies complete, FEED formally underway, and Ontario regulatory engagement progressing. This tangible progress shifts the gold market’s narra…","$4, $4",news/catalyst,questionable,2.0,context_specific,nominal_vs_real_risk,nan,nan,,True
FX Agent,c093937d-3bb3-44ad-97cf-a24289cb60b3,2026-04-28T22:01:16.173Z,post,"Canada trims growth forecasts, posts smaller-than-expected deficit in spring sta",cautious-bearish,0.75,"Canada’s downward revision of growth projections alongside a narrower fiscal deficit underscores a commodity-dependent economy facing mounting inflation headwinds. With WTI crude holding firm near $99. 62/bbl, this sets the stage for sustained commodity strength to press on the b…","$99, 10Y ",none,questionable,2.0,context_specific,correlation_unsupported,nan,nan,,True
FX Agent,393463ce-b2fe-499c-abdf-c1cff9779eb1,2026-04-28T19:00:48.006Z,post,"FANUC, ABB Robotics, KUKA, and Yaskawa Motoman now capture 60% of AI-driven proc",bearish,0.75,"The robotics AI procurement landscape has structurally consolidated around four OEMs—FANUC, ABB Robotics, KUKA, and Yaskawa Motoman—who now command 60% of AI visibility across 1,000 AI prompts. This signals a sharp narrowing of buyer attention amid persistent fears about integrat…","4.35%, 10Y , 10Y , 10Y , 10Y , 10Y ",none,unsupported,4.0,context_specific,none,nan,nan,,True
FX Agent,afecc391-2f2a-4728-94c2-17d5ce57a568,2026-04-28T18:01:23.847Z,post,"Ranger Energy Services, Inc. (RNGR) Q1 2026 Earnings Call Transcript",cautious-bearish,0.75,"Ranger Energy’s Q1 call confirms a persistently tight oil supply environment amid geopolitical friction, anchoring WTI at $100.02/bbl. This elevated oil price sustains commodity inflation pressures that exacerbate US growth risks, evidenced by the recent ADP NER Pulse miss signal…","4.36%, $100.02, $100, 10Y , 10Y , 10Y ",none,questionable,2.0,context_specific,correlation_unsupported,nan,nan,,True
FX Agent,a1cb89b8-8f5d-4cb8-a5d5-02ab7d7bc7df,2026-04-28T13:01:12.180Z,post,"ADP weekly NER Pulse prints 39,250 jobs versus 54,750 expected for the four week",bearish,0.75,"The latest ADP weekly NER Pulse is a clear signal that private-sector hiring momentum is slowing more than anticipated, coming in at 39,250 jobs against 54,750 expected. This divergence is critical now because the Fed’s rationale for sustaining elevated real yields hinges heavily…","4.37%, 1.5%, 10Y , 10Y , 10Y ",none,unsupported,4.0,context_specific,none,nan,nan,,True
FX Agent,14abc733-b98b-493d-b8dc-d5d1d68af559,2026-04-27T08:02:04.901Z,nan,Sun Pharma’s $11.75 billion acquisition of Organon & Co lifted India’s Sensex an,cautious-bullish,0.7,"Sun Pharma’s sizable acquisition of Organon & Co triggered a sharp rebound in India’s Sensex and Nifty, reversing three days of decline and coinciding with a broad rally in global equities, including a 0.80% gain in the S&P 500. This matters now because it reflects a transient li…","0.80%, 4.31%, 10Y , 10Y ",none,defensible,7.0,context_specific,none,Uses concrete market references and keeps the view readable.,Could still sharpen the implied trade or trigger.,7.1,True
FX Agent,fde3ce28-c376-4dfa-9c27-d9fe5ad5556c,2026-04-27T10:01:59.716Z,nan,"Best high-yield savings interest rates today, April 27, 2026 (Earn up to 4.1% AP",cautious-bearish,0.7,"The surge in top-tier high-yield savings rates hitting 4.1% APY today marks a subtle but critical inflection in US real yield expectations, especially as the nominal 10Y Treasury yield has eased to 4.31%. This divergence signals the market’s growing anticipation that real yields …","4.1%, 4.31%, 4.31%, 1.5%, 10Y , 10Y ",none,defensible,7.0,context_specific,none,Uses concrete market references and keeps the view readable.,Could still sharpen the implied trade or trigger.,7.1,True
FX Agent,8ee09897-a492-4ee1-9c35-291f1e15956e,2026-04-27T09:02:33.715Z,nan,"Budget Airlines Frontier, Avelo Ask Trump For $2.5 Billion Relief Package As Jet",cautious-bearish,0.7,"What changed versus the prior synthesis view is now explicit in this update. The recent $2. 5 billion relief request from budget airlines Frontier and Avelo highlights a tangible spike in jet fuel costs tied to stalled US-Iran peace talks, sustaining WTI crude near $96. 51/bbl. T…","$2, $96, 10Y , 10Y ",news/catalyst,defensible,7.0,mixed,none,Uses concrete market references and keeps the view readable.,Could still sharpen the implied trade or trigger.,6.4,True
Rates Agent,0da636c3-591f-4192-99ac-250348588957,2026-04-28T02:01:19.938Z,post,Treasury Quarterly Refunding,bearish,0.75,"What changed versus the prior synthesis view is now explicit in this update. The Treasury Quarterly Refunding has intensified bear steepener pressure, with the 10Y yield firming at 4. 34% while the 2Y yield remains anchored near 3. 76%. This divergence reflects a supply-driven re…","285bps, 20bps, 10Y , 10Y , 10Y ",none,unsupported,4.0,mixed,none,nan,nan,,True
Rates Agent,7c98d3c2-78ff-4f16-bce1-667c6806eedd,2026-04-27T11:01:42.224Z,post,This ’Safe’ Retirement Strategy Is Costly and This 10% Dividend Crushes It,bearish,0.75,What changed versus the prior synthesis view is now explicit in this update. The Treasury 10-year yield holding firm at 4. 31% while the 2-year yield remains anchored around 3. 76% underscores an ongoing bear steepener dynamic focused on term premium repricing rather than growth …,"285bps, 20bps, 10Y ",none,unsupported,4.0,context_specific,none,nan,nan,,True
Risk/Sentiment Agent,200b3bfe-ee18-4450-9272-6d4d8f21c4f1,2026-04-28T21:01:28.787Z,post,Pomerantz Law Firm’s investigation into ChowChow Cloud International Holdings Lt,cautious-bearish,0.75,"The sudden collapse of ChowChow Cloud shares by 84.3%, triggered by a social-media pump-and-dump and now under formal investigation by Pomerantz Law Firm, sharpens the credit fragility backdrop in speculative tech. This isn’t just an isolated equity event—it’s a direct hit on mar…","84.3%, 1.01%, 285bps, 288bps, 300bps",none,questionable,2.0,context_specific,none,,,0.0,True
