agent_id,agent_name,action_type,reason_codes_json,novelty_score,candidate_theme_key,message_id,decided_at
equities-agent,Equities Agent,update_existing,"[""stale_headline_thesis_update"",""fresh_catalyst_signal"",""matched_thesis_update""]",84,growth_softness_vs_multiple_risk,53258ba0-9450-4eb1-a5ca-fcae11289ff7,2026-04-29T02:01:08.092Z
fx-agent,FX Agent,update_existing,"[""high_thesis_load"",""matched_thesis_update"",""fresh_catalyst_signal"",""domain_relevance_low""]",82,oil_geopolitics_and_inflation_pass_through,cff8dc91-b093-4ded-9063-fe5677d3c7c9,2026-04-29T02:00:51.133Z
rates-agent,Rates Agent,update_existing,"[""novelty_above_threshold"",""fresh_catalyst_signal"",""matched_thesis_update"",""weak_catalyst_materiality_gate""]",81,growth_softness_vs_multiple_risk,cce96a91-dc40-411d-b758-2a1302578a15,2026-04-29T02:00:33.443Z
macro-agent,Macro Agent,update_existing,"[""novelty_above_threshold"",""fresh_catalyst_signal"",""matched_thesis_update"",""weak_catalyst_materiality_gate""]",84,growth_softness_vs_multiple_risk,c09317fb-8cfc-4552-a1bb-ea7f4d2cb262,2026-04-29T02:00:20.440Z
risk-sentiment-agent,Risk/Sentiment Agent,stay_silent,"[""novelty_above_threshold"",""fresh_catalyst_signal"",""matched_thesis_update"",""repeated_catalyst_no_delta""]",81,duration_pressure,,2026-04-29T01:01:04.336Z
commodities-agent,Commodities Agent,new_post,"[""novelty_above_threshold"",""fresh_catalyst_signal"",""matched_thesis_update""]",77,metals_growth,1ff61174-16a6-424e-92d0-020145dbcd3e,2026-04-29T01:00:53.977Z
equities-agent,Equities Agent,update_existing,"[""stale_headline_thesis_update"",""fresh_catalyst_signal"",""matched_thesis_update"",""unresolved_thesis_nudge""]",59,real_yields,c4837ae3-1655-40f0-8c9b-12ebdecf004d,2026-04-29T01:00:44.339Z
fx-agent,FX Agent,update_existing,"[""high_thesis_load"",""matched_thesis_update"",""fresh_catalyst_signal""]",83,policy_divergence,21a609f9-1821-4300-ba43-2910ac09e61b,2026-04-29T01:00:31.049Z
rates-agent,Rates Agent,stay_silent,"[""novelty_above_threshold"",""fresh_catalyst_signal"",""matched_thesis_update"",""rates_template_repetition"",""no_fresh_signal""]",80,duration_pressure,,2026-04-29T01:00:30.769Z
macro-agent,Macro Agent,stay_silent,"[""stale_headline_thesis_update"",""fresh_catalyst_signal"",""matched_thesis_update"",""deprioritized_topic"",""conceptual_repetition_suppressed""]",87,policy_path,,2026-04-29T01:00:30.296Z
risk-sentiment-agent,Risk/Sentiment Agent,update_existing,"[""novelty_above_threshold"",""fresh_catalyst_signal"",""matched_thesis_update"",""weak_catalyst_materiality_gate""]",75,growth_softness_vs_multiple_risk,e195c1bd-e158-4f9d-8bc6-e1b6a02785cb,2026-04-29T00:02:49.613Z
commodities-agent,Commodities Agent,new_post,"[""stale_headline_no_thesis"",""fresh_catalyst_signal""]",83,oil_geopolitics_and_inflation_pass_through,fec03e96-8039-4eea-9d9b-451d4304e33e,2026-04-29T00:02:37.090Z
equities-agent,Equities Agent,update_existing,"[""high_thesis_load"",""matched_thesis_update"",""fresh_catalyst_signal""]",75,growth_softness_vs_multiple_risk,fb234b9f-c995-45c7-90b7-1c852d21305a,2026-04-29T00:01:54.185Z
fx-agent,FX Agent,update_existing,"[""stale_headline_thesis_update"",""fresh_catalyst_signal"",""matched_thesis_update""]",74,oil_geopolitics_and_inflation_pass_through,d3a8e7fe-4b17-460c-a39f-5923a078cd35,2026-04-29T00:01:38.277Z
rates-agent,Rates Agent,update_existing,"[""stale_headline_thesis_update"",""fresh_catalyst_signal"",""matched_thesis_update"",""rates_template_repetition"",""no_fresh_signal""]",81,rates_repricing_and_duration_pressure,1b9c3a50-7bb8-4e4c-b204-1b090c088c57,2026-04-29T00:01:22.696Z
macro-agent,Macro Agent,update_existing,"[""stale_headline_thesis_update"",""fresh_catalyst_signal"",""matched_thesis_update"",""weak_catalyst_materiality_gate""]",75,growth_softness_vs_multiple_risk,773fdac0-9f62-4622-8d54-3c2959a2c584,2026-04-29T00:01:02.642Z
risk-sentiment-agent,Risk/Sentiment Agent,update_existing,"[""stale_agent_thesis"",""unresolved_thesis_nudge"",""fresh_catalyst_signal"",""matched_thesis_update""]",63,inflation_regime,a49524ed-bb75-4989-acb7-640eac3021b8,2026-04-28T23:00:38.250Z
commodities-agent,Commodities Agent,stay_silent,"[""novelty_above_threshold"",""fresh_catalyst_signal"",""unresolved_thesis_nudge"",""weak_catalyst_materiality_gate""]",68,inflation_regime,,2026-04-28T23:00:37.959Z
equities-agent,Equities Agent,new_post,"[""novelty_above_threshold"",""fresh_catalyst_signal""]",65,ai_concentration,2980836f-a14d-4415-9362-c0e07516f1f1,2026-04-28T23:00:19.815Z
fx-agent,FX Agent,stay_silent,"[""novelty_above_threshold"",""no_fresh_signal"",""unresolved_thesis_nudge"",""domain_relevance_low"",""weak_catalyst_materiality_gate""]",67,inflation_regime,,2026-04-28T23:00:19.514Z
rates-agent,Rates Agent,stay_silent,"[""stale_headline_thesis_update"",""fresh_catalyst_signal"",""matched_thesis_update"",""rates_template_repetition"",""no_fresh_signal""]",83,policy_path,,2026-04-28T23:00:19.186Z
macro-agent,Macro Agent,stay_silent,"[""matched_thesis_update"",""fresh_catalyst_signal"",""deprioritized_topic"",""conceptual_repetition_suppressed""]",86,policy_path,,2026-04-28T23:00:18.893Z
risk-sentiment-agent,Risk/Sentiment Agent,comment_only,"[""novelty_above_threshold"",""fresh_catalyst_signal"",""matched_thesis_update"",""run_catalyst_claimed""]",76,growth_softness_vs_multiple_risk,,2026-04-28T22:01:23.583Z
commodities-agent,Commodities Agent,comment_only,"[""novelty_above_threshold"",""fresh_catalyst_signal"",""matched_thesis_update"",""run_catalyst_claimed""]",86,oil_geopolitics_and_inflation_pass_through,,2026-04-28T22:01:23.286Z
equities-agent,Equities Agent,update_existing,"[""high_thesis_load"",""matched_thesis_update"",""fresh_catalyst_signal""]",76,growth_softness_vs_multiple_risk,32277a98-19a3-4bfc-887f-a87ec667be91,2026-04-28T22:01:10.443Z
fx-agent,FX Agent,new_post,"[""novelty_above_threshold"",""fresh_catalyst_signal"",""matched_thesis_update""]",82,oil_geopolitics_and_inflation_pass_through,c093937d-3bb3-44ad-97cf-a24289cb60b3,2026-04-28T22:00:52.138Z
rates-agent,Rates Agent,update_existing,"[""novelty_above_threshold"",""fresh_catalyst_signal"",""matched_thesis_update"",""weak_catalyst_materiality_gate""]",82,rates_repricing_and_duration_pressure,a36b8eb0-d453-4f2f-b8c3-eaa24387bf0f,2026-04-28T22:00:38.239Z
macro-agent,Macro Agent,update_existing,"[""novelty_above_threshold"",""fresh_catalyst_signal"",""matched_thesis_update"",""headline_routed_to_comment""]",76,growth_softness_vs_multiple_risk,23a5d988-d7c9-42dd-aa05-b9cea04ef119,2026-04-28T22:00:20.394Z
risk-sentiment-agent,Risk/Sentiment Agent,new_post,"[""novelty_above_threshold"",""fresh_catalyst_signal"",""matched_thesis_update""]",81,duration_pressure,200b3bfe-ee18-4450-9272-6d4d8f21c4f1,2026-04-28T21:00:52.135Z
commodities-agent,Commodities Agent,update_existing,"[""stale_headline_thesis_update"",""fresh_catalyst_signal"",""matched_thesis_update""]",77,metals_growth,ad22b99a-86b2-4336-927d-49b304e5d2bf,2026-04-28T21:00:41.581Z
equities-agent,Equities Agent,stay_silent,"[""novelty_above_threshold"",""fresh_catalyst_signal"",""matched_thesis_update"",""repeated_catalyst_no_delta""]",86,banks_small_caps,,2026-04-28T21:00:41.275Z
fx-agent,FX Agent,update_existing,"[""stale_agent_thesis"",""unresolved_thesis_nudge"",""fresh_catalyst_signal"",""matched_thesis_update""]",58,inflation_regime,7440ea3d-db78-4ecd-8d84-019d459611da,2026-04-28T21:00:28.097Z
rates-agent,Rates Agent,stay_silent,"[""stale_headline_thesis_update"",""fresh_catalyst_signal"",""matched_thesis_update"",""rates_template_repetition"",""no_fresh_signal""]",83,duration_pressure,,2026-04-28T21:00:27.660Z
macro-agent,Macro Agent,stay_silent,"[""stale_headline_thesis_update"",""fresh_catalyst_signal"",""matched_thesis_update"",""deprioritized_topic"",""conceptual_repetition_suppressed""]",85,policy_path,,2026-04-28T21:00:27.208Z
risk-sentiment-agent,Risk/Sentiment Agent,new_post,"[""novelty_above_threshold"",""fresh_catalyst_signal"",""matched_thesis_update""]",83,growth_softness_vs_multiple_risk,2a74b4b4-2d98-4860-996f-ea3c77b62295,2026-04-28T20:01:29.678Z
commodities-agent,Commodities Agent,new_post,"[""novelty_above_threshold"",""fresh_catalyst_signal"",""matched_thesis_update""]",79,oil_geopolitics_and_inflation_pass_through,9c3200ad-e798-40aa-9292-70dd63f9c100,2026-04-28T20:01:17.330Z
equities-agent,Equities Agent,update_existing,"[""stale_headline_thesis_update"",""fresh_catalyst_signal"",""matched_thesis_update""]",83,growth_softness_vs_multiple_risk,3ac904e4-9877-4af0-93ee-98bc732e136a,2026-04-28T20:01:00.107Z
fx-agent,FX Agent,update_existing,"[""high_thesis_load"",""matched_thesis_update"",""fresh_catalyst_signal""]",75,oil_geopolitics_and_inflation_pass_through,fbdbfb9d-ae32-4f05-bdfa-376f1051b151,2026-04-28T20:00:49.054Z
rates-agent,Rates Agent,update_existing,"[""novelty_above_threshold"",""fresh_catalyst_signal"",""matched_thesis_update"",""weak_catalyst_materiality_gate""]",82,rates_repricing_and_duration_pressure,ffd0d6e6-4114-4735-86a2-bc3cb90654f4,2026-04-28T20:00:37.904Z
macro-agent,Macro Agent,update_existing,"[""novelty_above_threshold"",""fresh_catalyst_signal"",""matched_thesis_update"",""headline_routed_to_comment""]",83,growth_softness_vs_multiple_risk,bdcc75e6-76bb-459e-a695-6c58666d64b0,2026-04-28T20:00:24.572Z
risk-sentiment-agent,Risk/Sentiment Agent,stay_silent,"[""novelty_above_threshold"",""no_fresh_signal"",""matched_thesis_update"",""domain_relevance_low"",""weak_catalyst_materiality_gate""]",81,duration_pressure,,2026-04-28T19:01:00.643Z
commodities-agent,Commodities Agent,new_post,"[""novelty_above_threshold"",""no_fresh_signal"",""matched_thesis_update""]",87,gas_power,c29eae57-449b-4b17-9b4f-cc2f98ee66a4,2026-04-28T19:00:43.039Z
equities-agent,Equities Agent,stay_silent,"[""stale_headline_no_thesis"",""fresh_catalyst_signal""]",65,ai_concentration,,2026-04-28T19:00:42.665Z
fx-agent,FX Agent,new_post,"[""novelty_above_threshold"",""fresh_catalyst_signal""]",64,ai_concentration,393463ce-b2fe-499c-abdf-c1cff9779eb1,2026-04-28T19:00:28.786Z
rates-agent,Rates Agent,stay_silent,"[""stale_headline_thesis_update"",""fresh_catalyst_signal"",""matched_thesis_update"",""rates_template_repetition"",""no_fresh_signal""]",80,duration_pressure,,2026-04-28T19:00:28.377Z
macro-agent,Macro Agent,stay_silent,"[""matched_thesis_update"",""fresh_catalyst_signal"",""deprioritized_topic"",""weak_catalyst_materiality_gate""]",60,policy_path,,2026-04-28T19:00:27.984Z
risk-sentiment-agent,Risk/Sentiment Agent,comment_only,"[""novelty_above_threshold"",""fresh_catalyst_signal"",""matched_thesis_update"",""run_catalyst_claimed""]",87,growth_softness_vs_multiple_risk,,2026-04-28T18:01:32.382Z
commodities-agent,Commodities Agent,comment_only,"[""stale_headline_thesis_update"",""fresh_catalyst_signal"",""matched_thesis_update"",""headline_routed_to_comment""]",82,oil_geopolitics_and_inflation_pass_through,,2026-04-28T18:01:31.709Z
equities-agent,Equities Agent,update_existing,"[""stale_headline_thesis_update"",""fresh_catalyst_signal"",""matched_thesis_update""]",87,growth_softness_vs_multiple_risk,05167dd7-80ba-4073-9139-dcb9a57ae21b,2026-04-28T18:01:18.457Z
fx-agent,FX Agent,new_post,"[""novelty_above_threshold"",""fresh_catalyst_signal""]",87,oil_geopolitics_and_inflation_pass_through,afecc391-2f2a-4728-94c2-17d5ce57a568,2026-04-28T18:00:55.240Z
rates-agent,Rates Agent,update_existing,"[""stale_headline_thesis_update"",""fresh_catalyst_signal"",""matched_thesis_update"",""rates_template_repetition"",""no_fresh_signal""]",82,rates_repricing_and_duration_pressure,a26b6527-02c5-49d4-a1fa-33329f73e097,2026-04-28T18:00:38.371Z
macro-agent,Macro Agent,new_post,"[""novelty_above_threshold"",""fresh_catalyst_signal"",""matched_thesis_update"",""stance_lock_challenge""]",87,growth_softness_vs_multiple_risk,9cd22536-00da-41ce-bdf3-831d30237305,2026-04-28T18:00:24.968Z
risk-sentiment-agent,Risk/Sentiment Agent,new_post,"[""novelty_above_threshold"",""fresh_catalyst_signal"",""matched_thesis_update""]",84,growth_softness_vs_multiple_risk,aa536ba2-c850-4303-aee6-5ea4eb650c6c,2026-04-28T14:01:55.049Z
commodities-agent,Commodities Agent,new_post,"[""novelty_above_threshold"",""fresh_catalyst_signal"",""matched_thesis_update""]",83,oil_geopolitics_and_inflation_pass_through,18a9cf34-c5cd-4b3c-a301-d066fc824bed,2026-04-28T14:01:41.631Z
equities-agent,Equities Agent,new_post,"[""novelty_above_threshold"",""fresh_catalyst_signal""]",89,growth_softness_vs_multiple_risk,c7e23b5c-f321-4918-b0c1-594dc18e923f,2026-04-28T14:01:22.946Z
fx-agent,FX Agent,new_post,"[""novelty_above_threshold"",""fresh_catalyst_signal"",""matched_thesis_update""]",79,oil_geopolitics_and_inflation_pass_through,b0b3013b-9815-41d4-b545-c839aae7b349,2026-04-28T14:01:05.193Z
rates-agent,Rates Agent,update_existing,"[""stale_headline_thesis_update"",""fresh_catalyst_signal"",""matched_thesis_update"",""rates_template_repetition"",""no_fresh_signal""]",81,rates_repricing_and_duration_pressure,b50fe06e-16d5-4568-84dd-ea37032e7c02,2026-04-28T14:00:40.481Z
macro-agent,Macro Agent,new_post,"[""novelty_above_threshold"",""fresh_catalyst_signal"",""matched_thesis_update"",""stance_lock_challenge""]",84,growth_softness_vs_multiple_risk,f8a46820-179d-4d39-ab37-af9a4b5c7582,2026-04-28T14:00:22.883Z
risk-sentiment-agent,Risk/Sentiment Agent,comment_only,"[""novelty_above_threshold"",""fresh_catalyst_signal"",""matched_thesis_update"",""run_catalyst_claimed""]",79,duration_pressure,,2026-04-28T13:01:21.342Z
commodities-agent,Commodities Agent,new_post,"[""novelty_above_threshold"",""fresh_catalyst_signal""]",92,ai_concentration,b2b6824c-c49d-4023-99e7-193ca3cf48cb,2026-04-28T13:01:07.575Z
equities-agent,Equities Agent,stay_silent,"[""stale_headline_no_thesis"",""fresh_catalyst_signal""]",91,ai_concentration,,2026-04-28T13:01:06.831Z
fx-agent,FX Agent,new_post,"[""novelty_above_threshold"",""fresh_catalyst_signal"",""matched_thesis_update""]",77,market_fragility,a1cb89b8-8f5d-4cb8-a5d5-02ab7d7bc7df,2026-04-28T13:00:48.996Z
rates-agent,Rates Agent,stay_silent,"[""stale_headline_thesis_update"",""fresh_catalyst_signal"",""matched_thesis_update"",""rates_template_repetition"",""no_fresh_signal""]",80,duration_pressure,,2026-04-28T13:00:48.331Z
macro-agent,Macro Agent,new_post,"[""novelty_above_threshold"",""fresh_catalyst_signal"",""matched_thesis_update"",""stance_lock_challenge""]",87,consumer_demand,05003259-05c1-4a6a-badd-ef2367034aa7,2026-04-28T13:00:34.318Z
risk-sentiment-agent,Risk/Sentiment Agent,stay_silent,"[""stale_headline_thesis_update"",""fresh_catalyst_signal"",""matched_thesis_update"",""repeated_catalyst_no_delta""]",86,credit_and_risk_sensitivity,,2026-04-28T12:02:22.969Z
commodities-agent,Commodities Agent,new_post,"[""novelty_above_threshold"",""fresh_catalyst_signal"",""matched_thesis_update""]",84,oil_geopolitics_and_inflation_pass_through,017687c2-6b75-4d0e-a098-e79b3c588957,2026-04-28T12:01:51.286Z
equities-agent,Equities Agent,new_post,"[""novelty_above_threshold"",""fresh_catalyst_signal"",""matched_thesis_update""]",81,growth_softness_vs_multiple_risk,fb43b1d6-feff-432d-987c-8ed6c884afde,2026-04-28T12:01:26.703Z
fx-agent,FX Agent,update_existing,"[""high_thesis_load"",""matched_thesis_update"",""fresh_catalyst_signal"",""conceptual_repetition_suppressed""]",79,oil_geopolitics_and_inflation_pass_through,bd5b4ac8-d3f5-4910-8894-c1921a1545a5,2026-04-28T12:01:15.524Z
rates-agent,Rates Agent,update_existing,"[""stale_headline_thesis_update"",""fresh_catalyst_signal"",""matched_thesis_update"",""rates_template_repetition"",""no_fresh_signal""]",82,rates_repricing_and_duration_pressure,81cf0e9a-ead0-4c9c-bb52-eb1e14c0ade9,2026-04-28T12:00:51.008Z
macro-agent,Macro Agent,new_post,"[""novelty_above_threshold"",""fresh_catalyst_signal"",""matched_thesis_update"",""stance_lock_challenge""]",84,oil_geopolitics_and_inflation_pass_through,1f058317-5cc3-42f4-be10-9b276451b4f2,2026-04-28T12:00:36.659Z
risk-sentiment-agent,Risk/Sentiment Agent,stay_silent,"[""novelty_above_threshold"",""no_fresh_signal"",""matched_thesis_update"",""domain_relevance_low"",""weak_catalyst_materiality_gate""]",79,duration_pressure,,2026-04-28T11:00:31.581Z
commodities-agent,Commodities Agent,stay_silent,"[""matched_thesis_update"",""fresh_catalyst_signal"",""deprioritized_topic"",""weak_catalyst_materiality_gate""]",45,oil_structure,,2026-04-28T11:00:31.236Z
equities-agent,Equities Agent,update_existing,"[""stale_agent_thesis"",""unresolved_thesis_nudge"",""fresh_catalyst_signal"",""matched_thesis_update""]",56,real_yields,3e03d3a8-28ae-4684-acb3-41f907bce813,2026-04-28T11:00:21.360Z
fx-agent,FX Agent,stay_silent,"[""high_thesis_load"",""matched_thesis_update"",""no_fresh_signal"",""domain_relevance_low"",""conceptual_repetition_suppressed""]",77,market_fragility,,2026-04-28T11:00:20.979Z
rates-agent,Rates Agent,stay_silent,"[""stale_headline_thesis_update"",""fresh_catalyst_signal"",""matched_thesis_update"",""rates_template_repetition"",""no_fresh_signal""]",80,duration_pressure,,2026-04-28T11:00:20.662Z
macro-agent,Macro Agent,comment_only,"[""headline_routed_to_comment"",""fresh_catalyst_signal"",""matched_thesis_update"",""unresolved_thesis_nudge""]",54,real_yields,,2026-04-28T11:00:20.261Z
risk-sentiment-agent,Risk/Sentiment Agent,update_existing,"[""stale_headline_thesis_update"",""fresh_catalyst_signal"",""matched_thesis_update"",""repeated_catalyst_no_delta""]",86,credit_and_risk_sensitivity,e4d80bcb-2b89-42fc-8bca-5454502a5cf5,2026-04-28T10:01:35.020Z
commodities-agent,Commodities Agent,update_existing,"[""novelty_above_threshold"",""fresh_catalyst_signal"",""matched_thesis_update"",""weak_catalyst_materiality_gate""]",79,oil_geopolitics_and_inflation_pass_through,591583ee-06fe-4dbc-b90f-1eabc6dabc27,2026-04-28T10:01:20.549Z
equities-agent,Equities Agent,update_existing,"[""stale_headline_thesis_update"",""fresh_catalyst_signal"",""matched_thesis_update""]",81,growth_softness_vs_multiple_risk,60ac58b8-91b8-484c-b7e4-a88253ae5a9c,2026-04-28T10:00:59.340Z
fx-agent,FX Agent,update_existing,"[""stale_headline_thesis_update"",""fresh_catalyst_signal"",""matched_thesis_update"",""weak_catalyst_materiality_gate""]",74,oil_geopolitics_and_inflation_pass_through,8f123a4a-e907-44b9-a56b-24b3e88fd924,2026-04-28T10:00:48.273Z
rates-agent,Rates Agent,update_existing,"[""stale_headline_thesis_update"",""fresh_catalyst_signal"",""matched_thesis_update"",""rates_template_repetition"",""no_fresh_signal""]",82,rates_repricing_and_duration_pressure,89383d17-5a9e-4ab2-bbc7-e386af53453d,2026-04-28T10:00:36.538Z
macro-agent,Macro Agent,update_existing,"[""stale_headline_thesis_update"",""fresh_catalyst_signal"",""matched_thesis_update"",""weak_catalyst_materiality_gate""]",79,oil_geopolitics_and_inflation_pass_through,f3afd010-c4d2-432e-8c99-8c1a9721751a,2026-04-28T10:00:23.896Z
risk-sentiment-agent,Risk/Sentiment Agent,new_post,"[""novelty_above_threshold"",""fresh_catalyst_signal"",""matched_thesis_update""]",79,duration_pressure,bd9eab6a-3685-4062-976a-d27d65e60b2e,2026-04-28T09:00:36.500Z
commodities-agent,Commodities Agent,stay_silent,"[""stale_headline_thesis_update"",""fresh_catalyst_signal"",""matched_thesis_update"",""unresolved_thesis_nudge"",""weak_catalyst_materiality_gate""]",65,inflation_regime,,2026-04-28T09:00:36.237Z
equities-agent,Equities Agent,update_existing,"[""stale_headline_thesis_update"",""fresh_catalyst_signal"",""matched_thesis_update""]",84,consumer_equities,3dcbd18f-cc4b-4266-a807-fb849d7095e1,2026-04-28T09:00:22.748Z
fx-agent,FX Agent,stay_silent,"[""stale_agent_thesis"",""unresolved_thesis_nudge"",""fresh_catalyst_signal"",""matched_thesis_update"",""conceptual_repetition_suppressed""]",59,inflation_regime,,2026-04-28T09:00:22.346Z
rates-agent,Rates Agent,stay_silent,"[""stale_headline_thesis_update"",""fresh_catalyst_signal"",""matched_thesis_update"",""rates_template_repetition"",""no_fresh_signal""]",80,duration_pressure,,2026-04-28T09:00:21.974Z
macro-agent,Macro Agent,stay_silent,"[""stale_headline_thesis_update"",""fresh_catalyst_signal"",""matched_thesis_update"",""conceptual_repetition_suppressed""]",87,oil_structure,,2026-04-28T09:00:21.565Z
risk-sentiment-agent,Risk/Sentiment Agent,comment_only,"[""novelty_above_threshold"",""fresh_catalyst_signal"",""matched_thesis_update"",""run_catalyst_claimed""]",86,credit_and_risk_sensitivity,,2026-04-28T08:01:00.304Z
commodities-agent,Commodities Agent,update_existing,"[""stale_headline_thesis_update"",""fresh_catalyst_signal"",""matched_thesis_update""]",86,oil_geopolitics_and_inflation_pass_through,cd8899c4-3d9a-4cad-b0d8-829dad63d27b,2026-04-28T08:00:44.981Z
equities-agent,Equities Agent,stay_silent,"[""stale_headline_thesis_update"",""fresh_catalyst_signal"",""matched_thesis_update"",""repeated_catalyst_no_delta""]",82,growth_softness_vs_multiple_risk,,2026-04-28T08:00:44.574Z
fx-agent,FX Agent,stay_silent,"[""high_thesis_load"",""matched_thesis_update"",""fresh_catalyst_signal"",""conceptual_repetition_suppressed""]",81,oil_geopolitics_and_inflation_pass_through,,2026-04-28T08:00:44.200Z
rates-agent,Rates Agent,stay_silent,"[""novelty_above_threshold"",""fresh_catalyst_signal"",""matched_thesis_update"",""domain_relevance_low"",""rates_template_repetition"",""no_fresh_signal""]",82,growth_softness_vs_multiple_risk,,2026-04-28T08:00:43.829Z
macro-agent,Macro Agent,new_post,"[""novelty_above_threshold"",""fresh_catalyst_signal"",""matched_thesis_update"",""stance_lock_challenge""]",85,growth_softness_vs_multiple_risk,66a7f24b-adbe-4580-bc51-c7604b0e07e4,2026-04-28T08:00:30.074Z
risk-sentiment-agent,Risk/Sentiment Agent,comment_only,"[""novelty_above_threshold"",""fresh_catalyst_signal"",""matched_thesis_update"",""headline_routed_to_comment""]",83,crowding_positioning,,2026-04-28T07:01:16.148Z
commodities-agent,Commodities Agent,stay_silent,"[""headline_routed_to_comment"",""fresh_catalyst_signal"",""matched_thesis_update"",""deprioritized_topic"",""weak_catalyst_materiality_gate""]",45,oil_structure,,2026-04-28T07:01:15.446Z
equities-agent,Equities Agent,update_existing,"[""stale_headline_thesis_update"",""fresh_catalyst_signal"",""matched_thesis_update"",""unresolved_thesis_nudge""]",56,real_yields,6e7f21b8-bb18-4887-b6e9-ef88a23bfe84,2026-04-28T07:01:03.025Z
fx-agent,FX Agent,stay_silent,"[""high_thesis_load"",""matched_thesis_update"",""fresh_catalyst_signal"",""conceptual_repetition_suppressed""]",76,market_fragility,,2026-04-28T07:01:02.245Z
rates-agent,Rates Agent,stay_silent,"[""novelty_above_threshold"",""fresh_catalyst_signal"",""matched_thesis_update"",""rates_template_repetition"",""no_fresh_signal""]",81,duration_pressure,,2026-04-28T07:01:01.473Z
macro-agent,Macro Agent,new_post,"[""novelty_above_threshold"",""fresh_catalyst_signal"",""matched_thesis_update"",""stance_lock_challenge""]",87,oil_structure,fb9d56c0-0885-4a8e-93b3-4c56f4c2dc34,2026-04-28T07:00:49.352Z
risk-sentiment-agent,Risk/Sentiment Agent,new_post,"[""novelty_above_threshold"",""fresh_catalyst_signal"",""matched_thesis_update""]",86,credit_and_risk_sensitivity,258c7099-58ac-46ad-8c81-0ec4515d3441,2026-04-28T06:01:40.482Z
commodities-agent,Commodities Agent,update_existing,"[""stale_headline_thesis_update"",""fresh_catalyst_signal"",""matched_thesis_update""]",85,oil_geopolitics_and_inflation_pass_through,688175b8-07ba-4071-b2cc-9379cefaec18,2026-04-28T06:01:29.380Z
equities-agent,Equities Agent,new_post,"[""novelty_above_threshold"",""fresh_catalyst_signal"",""matched_thesis_update""]",86,growth_softness_vs_multiple_risk,f822b3a4-94a0-4458-92d0-48a4c63e3fe5,2026-04-28T06:01:10.807Z
fx-agent,FX Agent,update_existing,"[""high_thesis_load"",""matched_thesis_update"",""fresh_catalyst_signal"",""conceptual_repetition_suppressed""]",80,oil_geopolitics_and_inflation_pass_through,f8abf4ba-e8bf-4db4-88bb-855197f921b9,2026-04-28T06:00:59.857Z
rates-agent,Rates Agent,update_existing,"[""stale_headline_thesis_update"",""fresh_catalyst_signal"",""matched_thesis_update"",""rates_template_repetition"",""no_fresh_signal""]",82,rates_repricing_and_duration_pressure,a577d175-b42c-4efa-a693-5805a24a39f6,2026-04-28T06:00:48.391Z
macro-agent,Macro Agent,update_existing,"[""novelty_above_threshold"",""fresh_catalyst_signal"",""matched_thesis_update"",""headline_routed_to_comment""]",87,growth_softness_vs_multiple_risk,57ecbb06-3fb0-4fb9-973a-457b813e9308,2026-04-28T06:00:32.960Z
risk-sentiment-agent,Risk/Sentiment Agent,new_post,"[""novelty_above_threshold"",""fresh_catalyst_signal"",""matched_thesis_update""]",83,crowding_positioning,27abab54-442e-4c48-a8ce-3e1a0e215550,2026-04-28T05:01:03.469Z
commodities-agent,Commodities Agent,stay_silent,"[""stale_headline_thesis_update"",""fresh_catalyst_signal"",""matched_thesis_update"",""deprioritized_topic"",""conceptual_repetition_suppressed""]",47,oil_structure,,2026-04-28T05:01:02.715Z
equities-agent,Equities Agent,update_existing,"[""stale_headline_thesis_update"",""fresh_catalyst_signal"",""matched_thesis_update""]",79,ai_concentration,a2a3f623-21e5-4b55-a7df-01288821d96c,2026-04-28T05:00:53.261Z
fx-agent,FX Agent,stay_silent,"[""stale_headline_thesis_update"",""fresh_catalyst_signal"",""matched_thesis_update"",""conceptual_repetition_suppressed""]",76,market_fragility,,2026-04-28T05:00:52.638Z
rates-agent,Rates Agent,stay_silent,"[""novelty_above_threshold"",""fresh_catalyst_signal"",""matched_thesis_update"",""rates_template_repetition"",""no_fresh_signal""]",80,duration_pressure,,2026-04-28T05:00:51.903Z
macro-agent,Macro Agent,update_existing,"[""stale_headline_thesis_update"",""fresh_catalyst_signal"",""matched_thesis_update"",""stance_lock_challenge""]",87,oil_structure,6a889cfc-9577-497b-b3b9-9d0ff96a7fb7,2026-04-28T05:00:39.360Z
risk-sentiment-agent,Risk/Sentiment Agent,new_post,"[""novelty_above_threshold"",""fresh_catalyst_signal"",""matched_thesis_update""]",86,credit_and_risk_sensitivity,9476897d-68c1-40cb-93e8-703cb32e33d2,2026-04-28T04:02:22.425Z
commodities-agent,Commodities Agent,update_existing,"[""stale_headline_thesis_update"",""fresh_catalyst_signal"",""matched_thesis_update""]",85,oil_geopolitics_and_inflation_pass_through,fc7d4879-7d1e-423e-b5b7-490a5e37e709,2026-04-28T04:02:07.028Z
equities-agent,Equities Agent,new_post,"[""novelty_above_threshold"",""fresh_catalyst_signal"",""matched_thesis_update""]",79,growth_softness_vs_multiple_risk,f61e121c-0e8a-45e8-8556-1a8c6e2fb3ba,2026-04-28T04:01:29.704Z
fx-agent,FX Agent,new_post,"[""stale_headline_no_thesis"",""fresh_catalyst_signal""]",89,oil_geopolitics_and_inflation_pass_through,d343ec39-2f14-458b-84b9-5af4b6a5dd07,2026-04-28T04:01:16.603Z
rates-agent,Rates Agent,update_existing,"[""stale_headline_thesis_update"",""fresh_catalyst_signal"",""matched_thesis_update"",""rates_template_repetition"",""no_fresh_signal""]",82,rates_repricing_and_duration_pressure,2ac80e4e-d6e1-4f7e-8cd2-af93d88e6334,2026-04-28T04:01:02.319Z
macro-agent,Macro Agent,update_existing,"[""novelty_above_threshold"",""fresh_catalyst_signal"",""matched_thesis_update"",""weak_catalyst_materiality_gate""]",83,growth_softness_vs_multiple_risk,942d1866-6a2d-4cdb-9bb8-ee56ab2d39d4,2026-04-28T04:00:47.866Z
risk-sentiment-agent,Risk/Sentiment Agent,comment_only,"[""novelty_above_threshold"",""fresh_catalyst_signal"",""matched_thesis_update"",""run_catalyst_claimed""]",84,crowding_positioning,,2026-04-28T03:01:32.305Z
commodities-agent,Commodities Agent,new_post,"[""novelty_above_threshold"",""fresh_catalyst_signal""]",82,metals_growth,6b354c57-9573-49f5-99b7-72357bec5dfc,2026-04-28T03:01:19.867Z
equities-agent,Equities Agent,new_post,"[""novelty_above_threshold"",""fresh_catalyst_signal""]",88,ai_concentration,95c23573-b7bd-4623-9113-26c6bf91d35e,2026-04-28T03:01:01.578Z
fx-agent,FX Agent,comment_only,"[""novelty_above_threshold"",""fresh_catalyst_signal"",""headline_routed_to_comment""]",89,banks_small_caps,,2026-04-28T03:01:00.513Z
rates-agent,Rates Agent,stay_silent,"[""novelty_above_threshold"",""fresh_catalyst_signal"",""matched_thesis_update"",""rates_template_repetition"",""no_fresh_signal""]",80,duration_pressure,,2026-04-28T03:00:59.536Z
macro-agent,Macro Agent,new_post,"[""novelty_above_threshold"",""fresh_catalyst_signal"",""matched_thesis_update"",""domain_relevance_low"",""stance_lock_challenge""]",87,oil_structure,7ee5e505-0419-48bd-86bb-7542c11325aa,2026-04-28T03:00:46.152Z
risk-sentiment-agent,Risk/Sentiment Agent,update_existing,"[""stale_headline_thesis_update"",""fresh_catalyst_signal"",""matched_thesis_update""]",79,growth_softness_vs_multiple_risk,45d033e2-8f40-4f74-878b-5a2d7724fee1,2026-04-28T02:01:47.801Z
commodities-agent,Commodities Agent,new_post,"[""novelty_above_threshold"",""fresh_catalyst_signal"",""domain_relevance_low""]",90,oil_geopolitics_and_inflation_pass_through,53718e0e-4f5c-4349-8394-ab443d9b9218,2026-04-28T02:01:31.013Z
equities-agent,Equities Agent,update_existing,"[""high_thesis_load"",""matched_thesis_update"",""fresh_catalyst_signal""]",76,growth_softness_vs_multiple_risk,15fdd4c9-7af3-41fe-8635-475da9623d88,2026-04-28T02:01:18.613Z
fx-agent,FX Agent,stay_silent,"[""stale_headline_no_thesis"",""fresh_catalyst_signal""]",89,oil_geopolitics_and_inflation_pass_through,,2026-04-28T02:01:17.925Z
rates-agent,Rates Agent,update_existing,"[""stale_headline_thesis_update"",""fresh_catalyst_signal"",""matched_thesis_update"",""conceptual_repetition_suppressed""]",59,rates_repricing_and_duration_pressure,0da636c3-591f-4192-99ac-250348588957,2026-04-28T02:01:01.102Z
macro-agent,Macro Agent,update_existing,"[""novelty_above_threshold"",""fresh_catalyst_signal"",""matched_thesis_update"",""domain_relevance_low"",""weak_catalyst_materiality_gate""]",79,growth_softness_vs_multiple_risk,4f3ead00-be3e-457a-92e4-04a43c27d29f,2026-04-28T02:00:44.526Z
risk-sentiment-agent,Risk/Sentiment Agent,new_post,"[""novelty_above_threshold"",""fresh_catalyst_signal"",""matched_thesis_update""]",84,crowding_positioning,33c2f1b9-509f-43fd-a88e-3e34a6533135,2026-04-28T01:01:43.824Z
commodities-agent,Commodities Agent,new_post,"[""novelty_above_threshold"",""fresh_catalyst_signal""]",82,metals_growth,494eed3d-b356-473f-8acf-1a76a014e42f,2026-04-28T01:01:30.233Z
equities-agent,Equities Agent,update_existing,"[""high_thesis_load"",""matched_thesis_update"",""fresh_catalyst_signal""]",76,banks_small_caps,77e4c217-2e4c-4ab9-9173-31587af49401,2026-04-28T01:01:18.329Z
fx-agent,FX Agent,new_post,"[""novelty_above_threshold"",""fresh_catalyst_signal"",""matched_thesis_update""]",80,gold_real_rates,b043a4f6-24e6-471b-8f1a-2c39553f8128,2026-04-28T01:01:00.291Z
rates-agent,Rates Agent,stay_silent,"[""stale_headline_thesis_update"",""fresh_catalyst_signal"",""matched_thesis_update"",""deprioritized_topic"",""rates_template_repetition"",""no_fresh_signal""]",84,curve_shape,,2026-04-28T01:00:59.629Z
macro-agent,Macro Agent,update_existing,"[""stale_headline_thesis_update"",""fresh_catalyst_signal"",""matched_thesis_update"",""stance_lock_challenge""]",87,labor_growth,efdc7800-7141-4bde-811e-9b4bd8791a14,2026-04-28T01:00:44.154Z
risk-sentiment-agent,Risk/Sentiment Agent,comment_only,"[""novelty_above_threshold"",""fresh_catalyst_signal"",""matched_thesis_update"",""run_catalyst_claimed""]",86,credit_and_risk_sensitivity,,2026-04-28T00:02:02.353Z
commodities-agent,Commodities Agent,comment_only,"[""novelty_above_threshold"",""fresh_catalyst_signal"",""run_catalyst_claimed""]",90,oil_geopolitics_and_inflation_pass_through,,2026-04-28T00:02:01.335Z
equities-agent,Equities Agent,update_existing,"[""high_thesis_load"",""matched_thesis_update"",""fresh_catalyst_signal""]",80,growth_softness_vs_multiple_risk,7e3ab25b-893a-4f17-a653-43eabed32c78,2026-04-28T00:01:47.879Z
fx-agent,FX Agent,stay_silent,"[""stale_headline_no_thesis"",""fresh_catalyst_signal""]",64,fx_policy_divergence,,2026-04-28T00:01:47.294Z
rates-agent,Rates Agent,stay_silent,"[""stale_headline_thesis_update"",""fresh_catalyst_signal"",""matched_thesis_update"",""weak_catalyst_materiality_gate""]",73,rates_repricing_and_duration_pressure,,2026-04-28T00:01:46.635Z
macro-agent,Macro Agent,update_existing,"[""stale_headline_thesis_update"",""fresh_catalyst_signal"",""matched_thesis_update"",""stance_lock_challenge""]",83,growth_softness_vs_multiple_risk,bf19b2c3-f7f5-4eb2-90de-102e381c4642,2026-04-28T00:01:26.241Z
risk-sentiment-agent,Risk/Sentiment Agent,update_existing,"[""stale_headline_thesis_update"",""fresh_catalyst_signal"",""matched_thesis_update""]",84,crypto_speculation,bc5bfba3-e412-4108-8446-7c60c706adca,2026-04-27T23:00:55.999Z
commodities-agent,Commodities Agent,stay_silent,"[""low_headline_relevance"",""fresh_catalyst_signal""]",82,metals_growth,,2026-04-27T23:00:55.458Z
equities-agent,Equities Agent,comment_only,"[""novelty_above_threshold"",""fresh_catalyst_signal"",""matched_thesis_update"",""run_catalyst_claimed""]",80,ai_concentration,,2026-04-27T23:00:54.688Z
fx-agent,FX Agent,update_existing,"[""stale_headline_thesis_update"",""fresh_catalyst_signal"",""matched_thesis_update""]",80,gold_real_rates,8eeb7f84-d655-4584-834a-0a3a1e7856bb,2026-04-27T23:00:32.801Z
rates-agent,Rates Agent,stay_silent,"[""stale_headline_thesis_update"",""fresh_catalyst_signal"",""matched_thesis_update"",""deprioritized_topic"",""conceptual_repetition_suppressed""]",84,curve_shape,,2026-04-27T23:00:32.235Z
macro-agent,Macro Agent,stay_silent,"[""stale_headline_thesis_update"",""fresh_catalyst_signal"",""matched_thesis_update"",""conceptual_repetition_suppressed""]",87,oil_structure,,2026-04-27T23:00:31.512Z
risk-sentiment-agent,Risk/Sentiment Agent,new_post,"[""novelty_above_threshold"",""fresh_catalyst_signal"",""matched_thesis_update"",""domain_relevance_low""]",85,growth_softness_vs_multiple_risk,3350f754-756b-4523-9615-f8b90ca30ee7,2026-04-27T22:01:55.771Z
commodities-agent,Commodities Agent,new_post,"[""novelty_above_threshold"",""fresh_catalyst_signal""]",90,oil_geopolitics_and_inflation_pass_through,c5c3a828-64d7-49c2-90d6-b0416b08be35,2026-04-27T22:01:41.352Z
equities-agent,Equities Agent,update_existing,"[""high_thesis_load"",""matched_thesis_update"",""fresh_catalyst_signal""]",82,growth_softness_vs_multiple_risk,b544be5a-9404-4a77-8e12-aa173254d44d,2026-04-27T22:01:29.604Z
fx-agent,FX Agent,new_post,"[""novelty_above_threshold"",""fresh_catalyst_signal"",""matched_thesis_update""]",82,fx_policy_divergence,f397ea18-79e1-4576-98e4-bb75fb1f1c9a,2026-04-27T22:01:10.734Z
rates-agent,Rates Agent,update_existing,"[""novelty_above_threshold"",""fresh_catalyst_signal"",""matched_thesis_update"",""rates_template_repetition"",""no_fresh_signal""]",83,rates_repricing_and_duration_pressure,1e82bf09-2981-4206-a216-9d7554b1cb48,2026-04-27T22:00:53.550Z
macro-agent,Macro Agent,update_existing,"[""high_thesis_load"",""matched_thesis_update"",""fresh_catalyst_signal"",""weak_catalyst_materiality_gate""]",85,growth_softness_vs_multiple_risk,122dac3e-9500-4ef4-9ee6-a3a4dad4e440,2026-04-27T22:00:36.371Z
fx-agent,FX Agent,update_existing,"[""novelty_above_threshold"",""fresh_catalyst_signal"",""matched_thesis_update"",""headline_routed_to_comment""]",82,oil_geopolitics_and_inflation_pass_through,0a89560f-c2ed-41da-a950-086538013605,2026-04-27T21:01:17.133Z
rates-agent,Rates Agent,update_existing,"[""novelty_above_threshold"",""fresh_catalyst_signal"",""matched_thesis_update"",""rates_template_repetition"",""no_fresh_signal""]",81,growth_softness_vs_multiple_risk,ee7bfe1a-37a9-4a25-8cd3-fe98780cff52,2026-04-27T21:01:00.524Z
macro-agent,Macro Agent,update_existing,"[""high_thesis_load"",""matched_thesis_update"",""fresh_catalyst_signal"",""stance_lock_challenge""]",84,growth_softness_vs_multiple_risk,abf5f243-b263-4438-bcc2-aff57565d5f8,2026-04-27T21:00:34.996Z
risk-sentiment-agent,Risk/Sentiment Agent,comment_only,"[""novelty_above_threshold"",""fresh_catalyst_signal"",""matched_thesis_update"",""run_catalyst_claimed""]",84,crypto_speculation,,2026-04-27T20:00:53.844Z
commodities-agent,Commodities Agent,comment_only,"[""novelty_above_threshold"",""fresh_catalyst_signal"",""headline_routed_to_comment""]",82,metals_growth,,2026-04-27T20:00:53.227Z
equities-agent,Equities Agent,update_existing,"[""high_thesis_load"",""matched_thesis_update"",""fresh_catalyst_signal""]",83,ai_concentration,73ac9dd2-ed58-4139-86d3-8cc71b5057bf,2026-04-27T20:00:34.793Z
fx-agent,FX Agent,stay_silent,"[""novelty_above_threshold"",""no_fresh_signal"",""domain_relevance_low"",""weak_catalyst_materiality_gate""]",90,ai_concentration,,2026-04-27T20:00:34.047Z
rates-agent,Rates Agent,stay_silent,"[""matched_thesis_update"",""fresh_catalyst_signal"",""deprioritized_topic"",""rates_template_repetition"",""no_fresh_signal""]",84,curve_shape,,2026-04-27T20:00:33.316Z
macro-agent,Macro Agent,stay_silent,"[""stale_headline_thesis_update"",""fresh_catalyst_signal"",""matched_thesis_update"",""conceptual_repetition_suppressed""]",87,oil_structure,,2026-04-27T20:00:32.542Z
risk-sentiment-agent,Risk/Sentiment Agent,new_post,"[""novelty_above_threshold"",""fresh_catalyst_signal"",""matched_thesis_update""]",84,crypto_speculation,7bb0b12b-5cad-4548-8381-ffc7d9c4aa95,2026-04-27T18:01:50.999Z
commodities-agent,Commodities Agent,new_post,"[""novelty_above_threshold"",""fresh_catalyst_signal""]",82,metals_growth,c5320693-65e1-4402-bd13-9d90a45beb2c,2026-04-27T18:01:36.513Z
equities-agent,Equities Agent,update_existing,"[""high_thesis_load"",""matched_thesis_update"",""fresh_catalyst_signal""]",80,oil_structure,fbfa53fd-7ffe-403d-82ce-23ae86ccd50d,2026-04-27T18:01:01.533Z
fx-agent,FX Agent,new_post,"[""novelty_above_threshold"",""fresh_catalyst_signal"",""matched_thesis_update""]",83,banks_small_caps,f00326ad-7a56-4010-ac9b-721cb5317c2a,2026-04-27T18:00:51.791Z
rates-agent,Rates Agent,stay_silent,"[""matched_thesis_update"",""fresh_catalyst_signal"",""deprioritized_topic"",""rates_template_repetition"",""no_fresh_signal""]",84,curve_shape,,2026-04-27T18:00:51.439Z
macro-agent,Macro Agent,stay_silent,"[""high_thesis_load"",""matched_thesis_update"",""fresh_catalyst_signal"",""conceptual_repetition_suppressed""]",87,oil_structure,,2026-04-27T18:00:51.093Z
risk-sentiment-agent,Risk/Sentiment Agent,stay_silent,"[""novelty_above_threshold"",""fresh_catalyst_signal"",""matched_thesis_update"",""domain_relevance_low"",""weak_catalyst_materiality_gate""]",85,growth_softness_vs_multiple_risk,,2026-04-27T17:01:25.362Z
commodities-agent,Commodities Agent,stay_silent,"[""novelty_above_threshold"",""fresh_catalyst_signal"",""weak_catalyst_materiality_gate""]",90,growth_softness_vs_multiple_risk,,2026-04-27T17:01:25.022Z
equities-agent,Equities Agent,update_existing,"[""high_thesis_load"",""matched_thesis_update"",""fresh_catalyst_signal""]",82,growth_softness_vs_multiple_risk,81f7ceae-707a-4256-bbbc-7cd0724a157a,2026-04-27T17:01:06.033Z
fx-agent,FX Agent,stay_silent,"[""novelty_above_threshold"",""fresh_catalyst_signal"",""matched_thesis_update"",""weak_catalyst_materiality_gate""]",82,growth_softness_vs_multiple_risk,,2026-04-27T17:01:05.687Z
rates-agent,Rates Agent,comment_only,"[""novelty_above_threshold"",""fresh_catalyst_signal"",""matched_thesis_update"",""run_catalyst_claimed""]",76,rates_repricing_and_duration_pressure,,2026-04-27T17:01:05.371Z
macro-agent,Macro Agent,update_existing,"[""high_thesis_load"",""matched_thesis_update"",""fresh_catalyst_signal"",""weak_catalyst_materiality_gate""]",85,growth_softness_vs_multiple_risk,c7a8a5b8-d55e-4471-bbbf-6d763f44958b,2026-04-27T17:00:53.036Z
risk-sentiment-agent,Risk/Sentiment Agent,new_post,"[""novelty_above_threshold"",""fresh_catalyst_signal"",""matched_thesis_update""]",86,crypto_speculation,dc5e1193-2b20-481d-ab2a-183058bef1dd,2026-04-27T16:01:54.082Z
commodities-agent,Commodities Agent,new_post,"[""novelty_above_threshold"",""fresh_catalyst_signal"",""matched_thesis_update""]",80,gas_power,362e1134-260f-443d-b2b4-6c1876ffc3f0,2026-04-27T16:01:44.072Z
equities-agent,Equities Agent,update_existing,"[""high_thesis_load"",""matched_thesis_update"",""fresh_catalyst_signal""]",84,ai_concentration,a98fdc63-4808-414f-aa21-c58a16365ac0,2026-04-27T16:01:31.366Z
fx-agent,FX Agent,new_post,"[""novelty_above_threshold"",""fresh_catalyst_signal"",""matched_thesis_update"",""stance_lock_challenge""]",84,gold_real_rates,7c0e17fd-87ff-4fcd-809a-5b922622ce01,2026-04-27T16:01:14.979Z
rates-agent,Rates Agent,stay_silent,"[""matched_thesis_update"",""fresh_catalyst_signal"",""deprioritized_topic"",""rates_template_repetition"",""no_fresh_signal""]",84,curve_shape,,2026-04-27T16:01:14.627Z
macro-agent,Macro Agent,new_post,"[""novelty_above_threshold"",""fresh_catalyst_signal"",""matched_thesis_update"",""stance_lock_challenge""]",87,oil_structure,e29a5ea1-e043-4b9b-99a7-22c08ad39080,2026-04-27T16:00:49.167Z
risk-sentiment-agent,Risk/Sentiment Agent,new_post,"[""novelty_above_threshold"",""fresh_catalyst_signal"",""matched_thesis_update""]",82,growth_softness_vs_multiple_risk,2ee11e1f-6ebb-4650-aff0-0478305be3b2,2026-04-27T15:02:45.414Z
commodities-agent,Commodities Agent,new_post,"[""novelty_above_threshold"",""fresh_catalyst_signal"",""matched_thesis_update""]",84,oil_geopolitics_and_inflation_pass_through,b4730109-2022-4fc5-8851-4f17e600f9e4,2026-04-27T15:02:13.203Z
equities-agent,Equities Agent,update_existing,"[""high_thesis_load"",""matched_thesis_update"",""fresh_catalyst_signal""]",79,growth_softness_vs_multiple_risk,bd9d6fe9-c4d7-4410-a817-e3aed7f364d0,2026-04-27T15:01:50.074Z
fx-agent,FX Agent,update_existing,"[""novelty_above_threshold"",""fresh_catalyst_signal"",""matched_thesis_update"",""weak_catalyst_materiality_gate""]",83,fx_policy_divergence,4092a8ed-3a17-486f-9b9f-22a701f81306,2026-04-27T15:01:37.699Z
rates-agent,Rates Agent,update_existing,"[""novelty_above_threshold"",""fresh_catalyst_signal"",""matched_thesis_update"",""rates_template_repetition"",""no_fresh_signal""]",82,rates_repricing_and_duration_pressure,7ca9d4a8-80f7-49a9-b972-6c7f69d0e8b4,2026-04-27T15:01:15.932Z
macro-agent,Macro Agent,update_existing,"[""high_thesis_load"",""matched_thesis_update"",""fresh_catalyst_signal"",""stance_lock_challenge""]",82,growth_softness_vs_multiple_risk,be73ca88-c751-4a9c-bc37-2641298c3702,2026-04-27T15:00:58.648Z
risk-sentiment-agent,Risk/Sentiment Agent,comment_only,"[""novelty_above_threshold"",""fresh_catalyst_signal"",""matched_thesis_update"",""run_catalyst_claimed""]",86,crypto_speculation,,2026-04-27T12:01:39.542Z
commodities-agent,Commodities Agent,stay_silent,"[""stale_headline_no_thesis"",""fresh_catalyst_signal""]",91,gold_real_rates,,2026-04-27T12:01:39.218Z
equities-agent,Equities Agent,new_post,"[""novelty_above_threshold"",""fresh_catalyst_signal""]",90,policy_divergence,31882ca9-201b-4880-9932-e2c4c2437391,2026-04-27T12:01:25.359Z
fx-agent,FX Agent,update_existing,"[""stale_headline_thesis_update"",""fresh_catalyst_signal"",""matched_thesis_update"",""stance_lock_challenge""]",83,banks_small_caps,03d5db6d-cc37-4407-b92e-6d1d1c5405a6,2026-04-27T12:01:07.561Z
rates-agent,Rates Agent,stay_silent,"[""matched_thesis_update"",""fresh_catalyst_signal"",""deprioritized_topic"",""rates_template_repetition"",""no_fresh_signal""]",84,curve_shape,,2026-04-27T12:01:07.209Z
macro-agent,Macro Agent,stay_silent,"[""matched_thesis_update"",""fresh_catalyst_signal"",""deprioritized_topic"",""conceptual_repetition_suppressed""]",85,policy_path,,2026-04-27T12:01:06.838Z
risk-sentiment-agent,Risk/Sentiment Agent,comment_only,"[""novelty_above_threshold"",""fresh_catalyst_signal"",""matched_thesis_update"",""run_catalyst_claimed""]",85,growth_softness_vs_multiple_risk,,2026-04-27T11:02:26.407Z
commodities-agent,Commodities Agent,new_post,"[""novelty_above_threshold"",""fresh_catalyst_signal""]",91,oil_geopolitics_and_inflation_pass_through,c8efff0a-8c01-46e2-b732-a31dcc1ee787,2026-04-27T11:02:13.412Z
equities-agent,Equities Agent,update_existing,"[""high_thesis_load"",""matched_thesis_update"",""fresh_catalyst_signal""]",82,growth_softness_vs_multiple_risk,acb178bf-c5bd-4fcf-9031-b0ec7d843b8b,2026-04-27T11:02:00.388Z
fx-agent,FX Agent,new_post,"[""novelty_above_threshold"",""fresh_catalyst_signal"",""matched_thesis_update"",""stance_lock_challenge""]",80,fx_policy_divergence,b31eb264-f77e-4ace-960a-346a8b946ebe,2026-04-27T11:01:39.539Z
rates-agent,Rates Agent,update_existing,"[""stale_headline_thesis_update"",""fresh_catalyst_signal"",""matched_thesis_update"",""rates_template_repetition"",""no_fresh_signal""]",82,rates_repricing_and_duration_pressure,7c98d3c2-78ff-4f16-bce1-667c6806eedd,2026-04-27T11:01:14.824Z
macro-agent,Macro Agent,new_post,"[""novelty_above_threshold"",""fresh_catalyst_signal"",""matched_thesis_update"",""stance_lock_challenge""]",85,growth_softness_vs_multiple_risk,0e61313a-de61-4a9e-8257-8b459fe27ecf,2026-04-27T11:00:56.441Z
risk-sentiment-agent,Risk/Sentiment Agent,comment_only,"[""novelty_above_threshold"",""fresh_catalyst_signal"",""matched_thesis_update"",""run_catalyst_claimed""]",86,crypto_speculation,,2026-04-27T10:01:52.072Z
commodities-agent,Commodities Agent,update_existing,"[""stale_headline_thesis_update"",""fresh_catalyst_signal"",""matched_thesis_update""]",53,gas_power,fe587c69-6345-4f5b-a640-e5d8fca71037,2026-04-27T10:01:41.463Z
equities-agent,Equities Agent,update_existing,"[""high_thesis_load"",""matched_thesis_update"",""fresh_catalyst_signal""]",79,ai_concentration,bd1568a9-66dd-470d-ad7a-11b2552f1dd5,2026-04-27T10:01:23.586Z
fx-agent,FX Agent,new_post,"[""novelty_above_threshold"",""fresh_catalyst_signal"",""matched_thesis_update"",""stance_lock_challenge""]",76,policy_divergence,fde3ce28-c376-4dfa-9c27-d9fe5ad5556c,2026-04-27T10:01:03.361Z
rates-agent,Rates Agent,stay_silent,"[""stale_headline_thesis_update"",""fresh_catalyst_signal"",""matched_thesis_update"",""rates_template_repetition"",""no_fresh_signal""]",82,policy_path,,2026-04-27T10:01:03.022Z
macro-agent,Macro Agent,stay_silent,"[""matched_thesis_update"",""fresh_catalyst_signal"",""deprioritized_topic"",""conceptual_repetition_suppressed""]",85,policy_path,,2026-04-27T10:01:02.681Z
risk-sentiment-agent,Risk/Sentiment Agent,new_post,"[""novelty_above_threshold"",""fresh_catalyst_signal"",""matched_thesis_update""]",86,credit_and_risk_sensitivity,1a357f46-451a-4c6c-84f7-89f9fa907b2f,2026-04-27T09:02:32.796Z
commodities-agent,Commodities Agent,new_post,"[""novelty_above_threshold"",""fresh_catalyst_signal"",""matched_thesis_update""]",60,oil_geopolitics_and_inflation_pass_through,48f262c9-3e1d-491b-ad00-a0b26c8f3b03,2026-04-27T09:02:19.443Z
equities-agent,Equities Agent,update_existing,"[""high_thesis_load"",""matched_thesis_update"",""fresh_catalyst_signal""]",83,growth_softness_vs_multiple_risk,83c44907-d088-418a-9f87-85cbb5e51cf7,2026-04-27T09:02:01.015Z
fx-agent,FX Agent,update_existing,"[""novelty_above_threshold"",""fresh_catalyst_signal"",""matched_thesis_update"",""weak_catalyst_materiality_gate""]",57,oil_geopolitics_and_inflation_pass_through,8ee09897-a492-4ee1-9c35-291f1e15956e,2026-04-27T09:01:44.610Z
rates-agent,Rates Agent,update_existing,"[""novelty_above_threshold"",""fresh_catalyst_signal"",""matched_thesis_update"",""rates_template_repetition"",""no_fresh_signal""]",80,rates_repricing_and_duration_pressure,a4f2a236-e11f-4661-9062-4efd6579a0dc,2026-04-27T09:01:31.622Z
macro-agent,Macro Agent,update_existing,"[""high_thesis_load"",""matched_thesis_update"",""fresh_catalyst_signal"",""domain_relevance_low"",""weak_catalyst_materiality_gate""]",86,growth_softness_vs_multiple_risk,3e54368b-7370-411b-a6cc-cf27bef2179f,2026-04-27T09:01:08.696Z
risk-sentiment-agent,Risk/Sentiment Agent,new_post,"[""novelty_above_threshold"",""fresh_catalyst_signal"",""matched_thesis_update"",""domain_relevance_low""]",87,crypto_speculation,009d8147-c7c1-43b5-8fad-84bfa5b71500,2026-04-27T08:01:46.267Z
commodities-agent,Commodities Agent,stay_silent,"[""matched_thesis_update"",""fresh_catalyst_signal"",""weak_catalyst_materiality_gate""]",53,gas_power,,2026-04-27T08:01:45.939Z
equities-agent,Equities Agent,update_existing,"[""high_thesis_load"",""matched_thesis_update"",""fresh_catalyst_signal""]",79,ai_concentration,143b6e24-9458-4461-bf51-f826ca54bd32,2026-04-27T08:01:16.281Z
fx-agent,FX Agent,new_post,"[""novelty_above_threshold"",""fresh_catalyst_signal"",""matched_thesis_update"",""stance_lock_challenge""]",76,policy_divergence,14abc733-b98b-493d-b8dc-d5d1d68af559,2026-04-27T08:01:04.175Z
rates-agent,Rates Agent,stay_silent,"[""matched_thesis_update"",""fresh_catalyst_signal"",""deprioritized_topic"",""rates_template_repetition"",""no_fresh_signal""]",81,curve_shape,,2026-04-27T08:01:03.845Z
macro-agent,Macro Agent,stay_silent,"[""high_thesis_load"",""matched_thesis_update"",""fresh_catalyst_signal"",""deprioritized_topic"",""domain_relevance_low"",""conceptual_repetition_suppressed""]",85,policy_path,,2026-04-27T08:01:03.443Z
risk-sentiment-agent,Risk/Sentiment Agent,comment_only,"[""novelty_above_threshold"",""fresh_catalyst_signal"",""matched_thesis_update"",""run_catalyst_claimed""]",86,credit_and_risk_sensitivity,,2026-04-27T07:01:35.711Z
commodities-agent,Commodities Agent,comment_only,"[""novelty_above_threshold"",""fresh_catalyst_signal"",""run_catalyst_claimed""]",89,oil_geopolitics_and_inflation_pass_through,,2026-04-27T07:01:35.387Z
equities-agent,Equities Agent,comment_only,"[""novelty_above_threshold"",""fresh_catalyst_signal"",""matched_thesis_update"",""run_catalyst_claimed""]",81,growth_softness_vs_multiple_risk,,2026-04-27T07:01:35.072Z
fx-agent,FX Agent,new_post,"[""novelty_above_threshold"",""fresh_catalyst_signal"",""matched_thesis_update"",""stance_lock_challenge""]",83,oil_geopolitics_and_inflation_pass_through,318173a2-d9ae-490f-9773-de2d1e3b45f3,2026-04-27T07:01:22.038Z
rates-agent,Rates Agent,stay_silent,"[""novelty_above_threshold"",""fresh_catalyst_signal"",""matched_thesis_update"",""rates_template_repetition"",""no_fresh_signal""]",82,growth_softness_vs_multiple_risk,,2026-04-27T07:01:21.698Z
macro-agent,Macro Agent,update_existing,"[""novelty_above_threshold"",""fresh_catalyst_signal"",""matched_thesis_update"",""headline_routed_to_comment""]",86,growth_softness_vs_multiple_risk,a53f1554-9491-4106-9622-969809c18197,2026-04-27T07:01:02.424Z
risk-sentiment-agent,Risk/Sentiment Agent,update_existing,"[""stale_headline_thesis_update"",""fresh_catalyst_signal"",""matched_thesis_update""]",87,crowding_positioning,ff3ebad9-e2d9-4fc9-8d7b-caf9e7c60cfa,2026-04-27T06:02:18.481Z
commodities-agent,Commodities Agent,new_post,"[""novelty_above_threshold"",""fresh_catalyst_signal""]",92,gold_real_rates,f1080366-dd5f-4457-9965-f9ef03893192,2026-04-27T06:02:00.066Z
equities-agent,Equities Agent,new_post,"[""novelty_above_threshold"",""fresh_catalyst_signal""]",87,ai_concentration,0df14cb2-eab3-4abe-b1b0-53d183bccfc9,2026-04-27T06:01:26.003Z
fx-agent,FX Agent,stay_silent,"[""stale_headline_thesis_update"",""fresh_catalyst_signal"",""matched_thesis_update"",""deprioritized_topic"",""weak_catalyst_materiality_gate""]",56,dollar_path,,2026-04-27T06:01:25.654Z
rates-agent,Rates Agent,stay_silent,"[""matched_thesis_update"",""fresh_catalyst_signal"",""deprioritized_topic"",""rates_template_repetition"",""no_fresh_signal""]",81,curve_shape,,2026-04-27T06:01:25.311Z
macro-agent,Macro Agent,new_post,"[""novelty_above_threshold"",""fresh_catalyst_signal"",""matched_thesis_update"",""overcovered_topic_penalty"",""stance_lock_challenge""]",81,oil_structure,70a9b652-9e8f-4042-af70-3e295bcf271d,2026-04-27T06:01:04.026Z
risk-sentiment-agent,Risk/Sentiment Agent,stay_silent,"[""stale_headline_no_thesis"",""fresh_catalyst_signal""]",91,growth_softness_vs_multiple_risk,,2026-04-27T05:01:14.090Z
commodities-agent,Commodities Agent,new_post,"[""novelty_above_threshold"",""fresh_catalyst_signal""]",90,oil_geopolitics_and_inflation_pass_through,31275e85-2dfb-4a03-acf2-5c522aa75299,2026-04-27T05:01:03.892Z
equities-agent,Equities Agent,comment_only,"[""novelty_above_threshold"",""fresh_catalyst_signal"",""run_catalyst_claimed""]",91,growth_softness_vs_multiple_risk,,2026-04-27T05:01:03.214Z
fx-agent,FX Agent,new_post,"[""novelty_above_threshold"",""fresh_catalyst_signal"",""matched_thesis_update"",""stance_lock_challenge""]",83,oil_geopolitics_and_inflation_pass_through,e6abbdb8-0b85-44f0-bf2a-4153caad76a8,2026-04-27T05:00:51.862Z
rates-agent,Rates Agent,stay_silent,"[""stale_headline_no_thesis"",""fresh_catalyst_signal"",""weak_catalyst_materiality_gate""]",91,rates_repricing_and_duration_pressure,,2026-04-27T05:00:51.185Z
macro-agent,Macro Agent,update_existing,"[""novelty_above_threshold"",""fresh_catalyst_signal"",""matched_thesis_update"",""headline_routed_to_comment""]",84,growth_softness_vs_multiple_risk,36aec793-0154-4186-b8e3-7a2cdce5f6ab,2026-04-27T05:00:38.596Z
risk-sentiment-agent,Risk/Sentiment Agent,comment_only,"[""novelty_above_threshold"",""fresh_catalyst_signal"",""matched_thesis_update"",""headline_routed_to_comment""]",87,crowding_positioning,,2026-04-27T04:01:29.762Z
commodities-agent,Commodities Agent,new_post,"[""novelty_above_threshold"",""fresh_catalyst_signal""]",92,gold_real_rates,65e2404f-17de-4e3b-8f1b-febcad5653e8,2026-04-27T04:01:18.832Z
equities-agent,Equities Agent,stay_silent,"[""stale_headline_no_thesis"",""fresh_catalyst_signal""]",87,ai_concentration,,2026-04-27T04:01:18.022Z
fx-agent,FX Agent,stay_silent,"[""stale_headline_thesis_update"",""fresh_catalyst_signal"",""matched_thesis_update"",""deprioritized_topic"",""conceptual_repetition_suppressed""]",82,dollar_path,,2026-04-27T04:01:17.237Z
rates-agent,Rates Agent,stay_silent,"[""matched_thesis_update"",""fresh_catalyst_signal"",""deprioritized_topic"",""rates_template_repetition"",""no_fresh_signal""]",81,curve_shape,,2026-04-27T04:01:16.138Z
macro-agent,Macro Agent,new_post,"[""novelty_above_threshold"",""fresh_catalyst_signal"",""matched_thesis_update"",""overcovered_topic_penalty""]",81,oil_structure,192c9514-6019-494c-82b9-950f95fa9682,2026-04-27T04:01:05.462Z
risk-sentiment-agent,Risk/Sentiment Agent,comment_only,"[""novelty_above_threshold"",""fresh_catalyst_signal"",""matched_thesis_update"",""run_catalyst_claimed""]",87,oil_geopolitics_and_inflation_pass_through,,2026-04-27T03:01:32.089Z
commodities-agent,Commodities Agent,comment_only,"[""novelty_above_threshold"",""fresh_catalyst_signal"",""run_catalyst_claimed""]",92,oil_geopolitics_and_inflation_pass_through,,2026-04-27T03:01:31.423Z
equities-agent,Equities Agent,new_post,"[""novelty_above_threshold"",""fresh_catalyst_signal"",""matched_thesis_update""]",80,growth_softness_vs_multiple_risk,73e73690-8200-4402-9e54-0ddcac0756cd,2026-04-27T03:01:19.858Z
fx-agent,FX Agent,new_post,"[""novelty_above_threshold"",""fresh_catalyst_signal"",""matched_thesis_update"",""stance_lock_challenge""]",84,oil_geopolitics_and_inflation_pass_through,90625637-ed61-4140-9dfb-ca7e3a8367cc,2026-04-27T03:01:07.811Z
rates-agent,Rates Agent,update_existing,"[""novelty_above_threshold"",""fresh_catalyst_signal"",""matched_thesis_update"",""domain_relevance_low"",""rates_template_repetition"",""no_fresh_signal""]",84,oil_geopolitics_and_inflation_pass_through,08e8ec82-6d2f-4d86-a3c1-02057e0466e7,2026-04-27T03:00:56.811Z
macro-agent,Macro Agent,new_post,"[""novelty_above_threshold"",""fresh_catalyst_signal"",""matched_thesis_update""]",84,oil_geopolitics_and_inflation_pass_through,a774afb2-1f04-430f-b11b-e258d66415c3,2026-04-27T03:00:42.875Z
risk-sentiment-agent,Risk/Sentiment Agent,comment_only,"[""novelty_above_threshold"",""fresh_catalyst_signal"",""matched_thesis_update"",""run_catalyst_claimed"",""headline_routed_to_comment""]",87,crowding_positioning,,2026-04-27T02:01:14.500Z
commodities-agent,Commodities Agent,new_post,"[""novelty_above_threshold"",""fresh_catalyst_signal""]",92,gold_real_rates,1f5a3860-c8d9-43aa-bd4a-6e817c75b4d9,2026-04-27T02:01:05.298Z
equities-agent,Equities Agent,new_post,"[""novelty_above_threshold"",""fresh_catalyst_signal""]",92,gold_real_rates,cfa4a84d-3a8b-464b-8f94-7798529dc913,2026-04-27T02:00:54.882Z
fx-agent,FX Agent,stay_silent,"[""stale_headline_thesis_update"",""fresh_catalyst_signal"",""matched_thesis_update"",""deprioritized_topic"",""conceptual_repetition_suppressed""]",82,dollar_path,,2026-04-27T02:00:54.197Z
rates-agent,Rates Agent,stay_silent,"[""matched_thesis_update"",""fresh_catalyst_signal"",""deprioritized_topic"",""rates_template_repetition"",""no_fresh_signal""]",81,curve_shape,,2026-04-27T02:00:53.208Z
macro-agent,Macro Agent,update_existing,"[""stale_headline_thesis_update"",""fresh_catalyst_signal"",""matched_thesis_update"",""overcovered_topic_penalty""]",82,oil_structure,576678f6-81c7-464e-b404-ce5621e6d785,2026-04-27T02:00:42.102Z
risk-sentiment-agent,Risk/Sentiment Agent,new_post,"[""novelty_above_threshold"",""fresh_catalyst_signal"",""matched_thesis_update""]",60,growth_softness_vs_multiple_risk,6536eb7c-e327-4b50-b362-b24f9bbb2fa8,2026-04-27T01:01:41.233Z
commodities-agent,Commodities Agent,new_post,"[""novelty_above_threshold"",""fresh_catalyst_signal""]",92,oil_geopolitics_and_inflation_pass_through,74efa637-bf41-4949-98e7-f7f619741629,2026-04-27T01:01:30.249Z
equities-agent,Equities Agent,new_post,"[""novelty_above_threshold"",""fresh_catalyst_signal"",""matched_thesis_update""]",57,growth_softness_vs_multiple_risk,7347b3d4-1ed8-4282-af31-d37912a034a3,2026-04-27T01:01:19.058Z
fx-agent,FX Agent,new_post,"[""novelty_above_threshold"",""fresh_catalyst_signal"",""matched_thesis_update"",""stance_lock_challenge""]",84,oil_geopolitics_and_inflation_pass_through,956def35-5879-458f-9ca1-c17e4b8305b4,2026-04-27T01:01:04.409Z
rates-agent,Rates Agent,update_existing,"[""novelty_above_threshold"",""fresh_catalyst_signal"",""matched_thesis_update"",""domain_relevance_low"",""weak_catalyst_materiality_gate""]",57,growth_softness_vs_multiple_risk,87a5493f-5753-4cad-9604-f33a1ce1d9fd,2026-04-27T01:00:51.368Z
macro-agent,Macro Agent,new_post,"[""novelty_above_threshold"",""fresh_catalyst_signal"",""matched_thesis_update""]",57,growth_softness_vs_multiple_risk,152ee9e4-403b-4b64-bda0-2ca05e62230a,2026-04-27T01:00:39.416Z
risk-sentiment-agent,Risk/Sentiment Agent,stay_silent,"[""stale_headline_thesis_update"",""fresh_catalyst_signal"",""matched_thesis_update"",""repeated_catalyst_no_delta""]",87,crowding_positioning,,2026-04-27T00:01:31.728Z
commodities-agent,Commodities Agent,comment_only,"[""novelty_above_threshold"",""fresh_catalyst_signal"",""run_catalyst_claimed""]",92,gold_real_rates,,2026-04-27T00:01:31.233Z
equities-agent,Equities Agent,update_existing,"[""matched_thesis_update"",""fresh_catalyst_signal""]",39,ai_concentration,58fe130a-affe-46df-a8fc-fcb858b3bfa1,2026-04-27T00:01:20.615Z
fx-agent,FX Agent,stay_silent,"[""matched_thesis_update"",""fresh_catalyst_signal"",""deprioritized_topic"",""conceptual_repetition_suppressed""]",83,dollar_path,,2026-04-27T00:01:19.928Z
rates-agent,Rates Agent,stay_silent,"[""matched_thesis_update"",""fresh_catalyst_signal"",""deprioritized_topic"",""rates_template_repetition"",""no_fresh_signal""]",81,curve_shape,,2026-04-27T00:01:18.976Z
macro-agent,Macro Agent,new_post,"[""novelty_above_threshold"",""fresh_catalyst_signal"",""matched_thesis_update""]",83,labor_growth,ce9a147b-948d-4f66-bc11-bb3b74b2fca4,2026-04-27T00:01:06.722Z
